name,image,provinsi,location,description,sektorIndustri,modelBisnis,ukuranTim,pendanaan,keahlian,contact
Budidaya Jamur Tiram,https://drive.pastibisa.app/1706022462_65afd63e3886a.png,KALIMANTAN SELATAN,"Komplek Madani Jalur Wahdah Permai 1, Jl. Sultan Adam No.2, Surgi Mufti, Kec. Banjarmasin Utara, Kota Banjarmasin, 70123",Budidaya Jamur Tiram oleh Zahrah adalah sebuah budidaya yang inovatif untuk memastikan bahwa setiap jamur tiram yang dihasilkan tidak hanya segar dan lezat tetapi juga ditanam dengan cara yang ramah lingkungan. Produk kami merupakan pilihan sempurna bagi para pecinta kuliner yang mencari bahan makanan sehat dan alami.,Agriculture,Hybrid B2B and B2C,1,"10,000,000",-,0812-3766-0909
Holtikultura Srimulyanti,https://drive.pastibisa.app/1706022493_65afd65ddfe33.png,SULAWESI TENGAH,SULAWESI TENGAH,"Holtikultura Srimulyanti, sebuah perusahaan agribisnis yang digawangi oleh Srimulyanti, berkomitmen untuk menyediakan produk-produk pertanian yang tidak hanya segar dan bernutrisi tetapi juga ramah lingkungan.",Agriculture,Hybrid B2B and B2C,3,"3,000,000",-,srimulyantiholtikultura@gmail.com
Bangga Aquatic,https://drive.pastibisa.app/1706022527_65afd67f2b117.png,JAWA TENGAH,"Perumahan Puri Boja Blok A19, Desa, Dusun 3, Bojanegara, Kec. Padamara, Kabupaten Purbalingga 53372","Bangga Aquatic, milik Saprudin, perusahaan dalam industri ikan hias. Dengan komitmen yang tidak tergoyahkan terhadap kualitas dan inovasi, Bangga Aquatic telah menciptakan standar dalam penawaran ikan hias sehat. Saprudin, dengan keahlian menjadikan setiap aquarium menjadi karya seni yang hidup.",Aquaculture,Hybrid B2B and B2C,1,"5,000,000",-,0896-4022-8283
Itama Mandiri,https://drive.pastibisa.app/1706022633_65afd6e98865f.png,KALIMANTAN BARAT,"Jl. Raya Sungai Kakap, Parit, Wa'bibah, Kabupaten Kubu Raya 78381","Itama Mandiri, sebuah perusahaan yang dipimpin oleh pengusaha visioner, Ibrahim, berkomitmen untuk menyediakan madu murni dan berkualitas tinggi kepada konsumen. Dengan penekanan pada metode produksi yang berkelanjutan",Farms,Hybrid B2B and B2C,2,"10,000,000",-,0895-6164-68020
Peyek Tasya,https://drive.pastibisa.app/1706022562_65afd6a207106.png,SULAWESI TENGGARA,"Jl. Dr. Wahidin, kel: Lamangga, Kec. Murhum, Kota Bau-Bau, 93725","Peyek Tasya, Iin Maryani, berfokus pada produksi Peyek Kacang, Peyek Tasya mengutamakan bahan-bahan pilihan dan resep autentik yang telah diwariskan turun-temurun. Setiap gigitan produk kami menjanjikan kesegaran dan kerenyahan. Berkomitmen pada kepuasan pelanggan dan integritas produk, Peyek Tasya terus berinovasi untuk menyajikan peyek kacang terbaik bagi para pecinta kuliner.",FnB,Hybrid B2B and B2C,2,"5,000,000",-,0853-4383-3752
Snack Mahabbah,https://drive.pastibisa.app/1706022671_65afd70fe8c5d.png,ACEH,"Sibreh Keumudee, SukaMakmur, Aceh Besar Regency, 23361","Snack Mahabbah, dipimpin oleh SARAH NAIYAH, telah memposisikan dirinya sebagai perusahaan dalam industri makanan ringan dengan produk unggulannya, Pisang Raket.",FnB,B2C,2,"9,000,000",-,snackmahabbah@gmail.com
Akhliya,https://drive.pastibisa.app/1706022757_65afd76568545.png,KEPULAUAN BANGKA BELITUNG,"Desa Jl. Riau No.2, Air Ruai, Kec. Pemali, Kabupaten Bangka, 33215","Berdiri tahun 2019 dari resep keluarga berlokasi di Sungailiat Babel . memproduksi keripik cumi ,stik udang rebon dan kue kembang goyang",FnB,B2C,2,"9,000,000",-,heliyagolden@gmail.com
Bakso Bakar Pak Arif,https://drive.pastibisa.app/1706022719_65afd73f73588.png,KEPULAUAN BANGKA BELITUNG,"Ketapang, Pangkal Balam, Kota Pangkal Pinang","Bakso Bakar Pak Arif, yang didirikan oleh Arif Munandar, dikenal sebagai destinasi pencinta kuliner yang mencari bakso bakar. Bakso bakar yang disajikan merupakan perpaduan daging yang lembut dan bumbu rahasia keluarga, menghasilkan cita rasa yang memanjakan lidah.",FnB,B2C,1,"4,500,000",-,baksobakar.arif@gmail.com
Ak Mina Pempek Udang,https://drive.pastibisa.app/1706022809_65afd799248c5.png,KEPULAUAN BANGKA BELITUNG,"Belo Laut, Kabupaten Bangka Barat","Ak Mina Pempek Udang, di bawah kepemimpinan Aminah, merupakan pusat kuliner yang spesialis dalam menyajikan pempek udang autentik yang kaya rasa. Setiap pempek yang kami sajikan dibuat dengan resep tradisional yang telah turun-temurun, menjamin cita rasa yang otentik. Ak Mina Pempek Udang berkomitmen untuk menjaga tradisi kuliner lokal dengan memberikan pengalaman bersantap yang tak terlupakan.",FnB,B2C,1,"8,000,000",-,minapempekudang@gmail.com
Idil Fitri,https://drive.pastibisa.app/1706022847_65afd7bf7ecdf.png,KEPULAUAN BANGKA BELITUNG,"Jl. Bedade, RT 06 RW 02 Kel, SINAR BULAN, Kec. Bukitintan, Kota Pangkal Pinang, 33684","Idil Fitri, didirikan oleh Sarnita, adalah perusahaan yang berdedikasi tinggi dalam produksi dan distribusi Peyek. Dengan penggunaan bahan-bahan pilihan dan resep tradisional.",FnB,B2C,2,"9,000,000",-,fitri.idil.id@gmail.com
Kedai Nurhalima,https://drive.pastibisa.app/1706022936_65afd818d1ae2.png,SULAWESI TENGAH,"Jl. Trans Sulawesi, Mamboro, Kec. Palu Utara, Kota Palu, 94147","Dipimpin oleh Nurhalima, Kedai Nurhalima adalah oasis bagi pencinta kuliner, menawarkan Nasi Kuning yang lezat. Setiap piring yang disajikan menggambarkan warisan kuliner lokal dan komitmen terhadap rasa otentik.",FnB,B2C,3,"10,000,000",-,kedai.nurhalima@gmail.com
Boriscase,https://drive.pastibisa.app/1706023078_65afd8a654ad2.png,GORONTALO,"Jl. Tapa - Kabila, Talumopatu, Kec. Tapa, Kabupaten Bone Bolango, Gorontalo 96126","Briskawati Hadji, pendiri Boriscase, mengubah aksesoris fashion menjadi pernyataan gaya. Dengan koleksi yang mencerminkan kecanggihan dan keanggunan, Boriscase menawarkan aksesoris yang sempurna untuk setiap kesempatan.",Fashion,B2C,32,"7,000,000",-,0822-9326-5793
Galeri Aren Ranau,https://drive.pastibisa.app/1706023321_65afd9991bf93.png,LAMPUNG,"Jl. Urip Sumoharjo No.64, Kec. Kedaton, Kota Bandar Lampung, Lampung 35148","Di bawah kepemimpinan Juwita Antasari, Galeri Aren Ranau mendedikasikan diri untuk menghasilkan Gula Aren berkualitas tinggi. Mereka menghargai tradisi dan kualitas, menghadirkan manisnya alam langsung ke meja Anda.",Food Processing,B2C,1,"2,250,000",-,0812-7942-6027
Roida Pandaria,https://drive.pastibisa.app/1706023349_65afd9b501baa.png,LAMPUNG,"JL. Tupai Gg.Waru.24, LK.III No.RT 01, Sukamenanti, Kec. Kedaton, Kota Bandar Lampung, Lampung 35146","Luciana Roida Maranatha, inovator di balik Roida Pandaria, membawa keahlian dalam pembuatan Keripik Pisang yang renyah dan nikmat. Setiap gigitan menawarkan perpaduan sempurna antara tradisi dan kelezatan.",FnB,Hybrid B2B and B2C,5,"10,000,000",-,Ig: @roidapandaria
ima pentol bakso beku,https://drive.pastibisa.app/1706023399_65afd9e75cd71.png,KALIMANTAN BARAT,"Sungai Bundung Laut, Kunyit River, Mempawah, 78371","Rahimah, pengusaha di balik ima pentol bakso beku, mengkhususkan diri dalam pembuatan daging sapi & ayam beku berkualitas. Produknya menjamin kenyamanan dan kualitas untuk setiap makanan, memberikan kehangatan dan kelezatan rumahan dalam setiap paket.",FnB,B2C,2,"8,000,000",-,imapentol.baksobeku@gmail.com
CEMILAN MASHEIL,https://drive.pastibisa.app/1706023450_65afda1a8c3af.png,JAMBI," Lrg. Mustika RT 23 No. 96. Kel. Lingkar selatan, Paal Merah, Kota Jambi, Jambi 36139","CEMILAN MASHEIL, kami percaya bahwa setiap gigitan harus membangkitkan kenangan dan rasa nostalgia. Dibawah bimbingan DEVI MULYANI, kami memproduksi berbagai MAKANAN RINGAN yang tidak hanya enak, tetapi juga terbuat dari bahan-bahan berkualitas tinggi. Setiap produk kami adalah perwujudan dari kecintaan terhadap kuliner dan dedikasi untuk memuaskan pelanggan.",FnB,Hybrid B2B and B2C,1,"8,000,000",-,0882-7434-9240
Tutik Catering,https://drive.pastibisa.app/1706023497_65afda4925a44.png,JAWA TENGAH,"Ngemplak, RT.01/RW.05, Ngemplak, Alastuwo, Kec. Kebakkramat, Kabupaten Karanganyar, Jawa Tengah 57762","Awaliyah Hastuti, dengan pengalamannya yang luas di dunia kuliner, menghadirkan Tutik Catering, tempat dimana rasa klasik Kue Apang bertemu dengan inovasi dan kreativitas. Kami berkomitmen untuk menyediakan pilihan kue yang sehat dan lezat, yang sempurna untuk segala jenis acara.",FnB,Hybrid B2B and B2C,2,"4,000,000",-,0895-6086-84060
SETIA MUSLIM,https://drive.pastibisa.app/1706023543_65afda77e5897.png,JAWA BARAT,"Dusun pahing, RT./ RW/RW.004/002, Setianegara, Kec. Cilimus, Kabupaten Kuningan, Jawa Barat 45556","SETIA MUSLIM, dipimpin oleh WAOLAH, adalah merek terkemuka yang spesialis dalam menghadirkan ANEKA KERIPIK dengan cita rasa yang khas dan autentik. Produk kami, yang dibuat dengan cinta dan dedikasi, menawarkan sensasi rasa yang unik.",Food Processing,B2C,3,"10,000,000",-,0821-2683-3340
SIMEUT GORENG MIRASA,https://drive.pastibisa.app/1706023583_65afda9f29345.png,JAWA BARAT,"Ciborelang, Kec. Jatiwangi, Kabupaten Majalengka, Jawa Barat","NUNIK NURZANAH, pelopor SIMEUT GORENG MIRASA, menghadirkan SIMEUT GORENG yang dibuat dari bahan-bahan pilihan dan dengan resep warisan untuk menghadirkan kebahagiaan dalam setiap gigitan.",Food Processing,B2C,2,"10,000,000",-,0813-2497-7786
CARAMUJAYA,https://drive.pastibisa.app/1706023612_65afdabca4aa8.png,JAWA BARAT,"Jl. Raya Cangkingan-Kedokan, Cangkingan, Kec. Kedokan Bunder, Kabupaten Indramayu, Jawa Barat 45283","CARAMUJAYA, CARTINIH menggabungkan tradisi dengan inovasi untuk menciptakan MIMIDE NASTAR MANGGA. Setiap nastar kami dibuat dengan hati menjamin akan membawa Anda pada perjalanan rasa yang tak terlupakan.",Food Processing,B2C,1,"6,000,000",-,0878-6372-0775
3Lovely,https://drive.pastibisa.app/1706023665_65afdaf132832.png,MALUKU UTARA,"Jl. Sultan Mansur No.kel, Tuguwaji, Tidore, Kota Tidore Kepulauan, Maluku Utara 97813","3Lovely adalah sebuah perusahaan yang spesialis dalam pembuatan roti dan kue basah. Dengan resep tradisional dan inovasi rasa terbaru, 3Lovely menawarkan kelezatan yang memikat setiap pelanggan",FnB,B2B,1,"8,000,000",-,0812-4122-6118
DR Frozen,https://drive.pastibisa.app/1706023702_65afdb1633fcc.png,SUMATERA UTARA,"Gg Jl. Bahapal, Dolok Maraja, Kec. Dolok Batu Nanggar, Kabupaten Simalungun, Sumatera Utara 21154","DR Frozen menyediakan beragam pilihan frozen food yang praktis dan bergizi. Produk kami, yang diproses secara higienis dan dikemas dengan rapi, adalah solusi sempurna untuk makanan sehat dan cepat saji bagi keluarga Anda.",FnB,Hybrid B2B and B2C,2,"8,000,000",-,0852-7076-8128
MOZA GALLERY,https://drive.pastibisa.app/1706023729_65afdb31c316b.png,JAMBI,"Jl. Sersan Anwar Bay, RT.01/RW.no. 02, Bagan Pete, Kec. Kota Baru, Kota Jambi, Jambi 36361","MOZA GALLERY menawarkan jasa jahit yang berkualitas dengan pilihan bahan dan desain yang beragam. Setiap karya kami adalah gabungan dari keahlian, estetika, dan ketelitian, cocok bagi Anda yang menginginkan pakaian yang unik dan personal.",Fashion,B2C,3,"9,500,000",-,0812-7895-5345
UKM Yasmin,https://drive.pastibisa.app/1706023759_65afdb4f2f977.png,SULAWESI SELATAN,"Dusun Mannyioi, Tamanyeleng, Barombong, Gowa Regency, 90225",UKM Yasmin spesialis dalam produksi kerupuk bawang dan kerupuk ikan yang renyah dan kaya rasa. Setiap kerupuk kami buat dengan resep khas dan kualitas bahan yang terjaga untuk menjamin kepuasan pelanggan.,FnB,B2C,4,"2,000,000",-,rosdiana122024@gmail.com
Koperasi Semedo Manise Sejahtera,https://drive.pastibisa.app/1706023799_65afdb778ee05.png,JAWA TENGAH,"Jl. Raya Sawangan - Semedo, RT.04/RW.04, Karang Pucung, Semedo, Kec. Pekuncen, Kabupaten Banyumas, Jawa Tengah 53164",Koperasi Semedo Manise Sejahtera adalah produsen gula pilihan yang menjamin keaslian dan kualitas produk. Kami berkomitmen untuk memberikan manis yang sehat dan alami bagi keluarga Indonesia.,Food Processing,Hybrid B2B and B2C,12,"1,500,000",-,0811-2891-055
Rumah Brudel Ummu Azzam,https://drive.pastibisa.app/1706023901_65afdbddea468.png,GORONTALO,"Jl. Anggrek Tamara No.11, Pulubala, Kec. Kota Tengah, Kabupaten Gorontalo, Gorontalo 96127","Rumah Brudel Ummu Azzam menghadirkan Brudel Cake, kue yang lembut dan kaya rasa. Setiap kue kami buat dengan resep asli dan bahan-bahan pilihan untuk memberikan pengalaman rasa yang tak terlupakan.",FnB,Hybrid B2B and B2C,8,"10,000,000",-,0853-4030-3718
keripik nada,https://drive.pastibisa.app/1706023862_65afdbb678ac6.png,KALIMANTAN BARAT,"Jl. Adi Sucipto Gg. H. Ramli No.10, Sungai Raya, Kec. Sungai Raya, Kabupaten Kubu Raya, Kalimantan Barat 78391","Keripik Nada menyajikan keripik pisang yang renyah dan penuh rasa. Dibuat dari pisang pilihan dan bumbu berkualitas, keripik kami siap memanjakan lidah Anda kapan saja.",FnB,B2C,2,"9,500,000",-,0898-8675-335
house of kacifa,https://drive.pastibisa.app/1706023979_65afdc2b63785.png,KALIMANTAN BARAT,"Sul Ambawang Kuala jl. Parit Masigi 1 komp. Hafif Permai B34, Sul Ambawang Kuala, Sungai Ambawang, Kubu Raya Regency, 78241","House of Kacifa menawarkan produk cair yang inovatif dan berkualitas. Dengan komitmen pada kualitas dan keaslian, kami menjamin produk yang aman dan memuaskan bagi pelanggan.",Herbs,Hybrid B2B and B2C,2,"4,500,000",-,0812-5366-1616
Jus Kurma Sya,https://drive.pastibisa.app/1706024020_65afdc545e1fc.png,KALIMANTAN BARAT,"Jl. Prof. Dr. M. Yamin, Gg. Swakarya 2 No. 32, Pontianak Selatan, Pontianak",Jus Kurma Sya menawarkan minuman sehat yang terbuat dari kurma berkualitas. Kami percaya dalam memberikan nutrisi alami dan kebaikan kurma melalui setiap teguk jus kami.,FnB,B2C,1,"9,900,000",-,0898-1398-789
Dlayla kitchen,https://drive.pastibisa.app/1706024058_65afdc7a31cf7.png,KALIMANTAN BARAT,"Kompleks, Parit haji husein 2, Pemda Jalur 1 No.8, Bansir Darat, Kec. Pontianak Tenggara, Kota Pontianak, Kalimantan Barat 78124","Dlayla Kitchen milik Aulia Melinda terkenal akan puding kue lapisnya yang lezat. Dengan resep unik dan bahan pilihan, setiap gigitan menyajikan kenikmatan tiada tara.",FnB,B2C,2,"9,950,000",-,0896-7777-7013
Cemilan uti,https://drive.pastibisa.app/1706024133_65afdcc53a300.png,KALIMANTAN BARAT,"Jl. Komyos Sudarso, Gg. Mangga 1 Kelurahan No.22A, Sungai Jawi Luar, Kec. Pontianak Bar., Kota Pontianak, Kalimantan Barat 78113","Siti Rezeki Saputri dari Cemilan Uti menawarkan berbagai jenis makanan yang tidak hanya menggugah selera namun juga menyehatkan, menggabungkan tradisi dan inovasi dalam setiap sajian.",FnB,Hybrid B2B and B2C,1,"1,980,000",-,0822-5133-3276
Dapur Anggrek,https://drive.pastibisa.app/1706024095_65afdc9fe3da1.png,KALIMANTAN TIMUR,"BlokC4/13B, Permai, Batu Ampar, Kota Balikpapan, Kalimantan Timur 76129","Dapur Anggrek, dibawah bimbingan Fitri, menjadi destinasi pencinta Pempek Palembang. Setiap sajian dibuat dengan dedikasi dan bahan berkualitas tinggi, menciptakan cita rasa autentik.",FnB,B2C,2,"10,000,000",-,0857-5499-1197
Griya Godong,https://drive.pastibisa.app/1706024231_65afdd27a41c1.png,KALIMANTAN TIMUR,"Jl. Prapatan, RT.25/RW.No.67, Prapatan, Kec. Balikpapan Kota, Kota Balikpapan, Kalimantan Timur 76111","Imelda Tecia Sri Puji Larasati dari Griya Godong menyediakan sepatu dan kain dengan desain yang unik dan elegan, menonjolkan kreativitas dan kualitas.",Fashion,B2C,5,"6,000,000",-,0821-5156-6790
Ngudi Lestari,https://drive.pastibisa.app/1706024258_65afdd4252a0a.png,YOGYAKARTA,"Pasar Bantul Los Seksi II/ 445, JL Jend. Sudirman, Kurahan, Nyangkringan, Bantul, Kec. Bantul, Kabupaten Bantul, Daerah Istimewa Yogyakarta 55711","Ngudi Lestari milik Tumini terkenal dengan Sale Pisangnya. Makanan tradisional ini disajikan dengan cara yang inovatif dan higienis, menggugah selera setiap pelanggan.",FnB,Hybrid B2B and B2C,2,"2,400,000",-,(0274) 368047
Bosas Cake Bakery Catering,https://drive.pastibisa.app/1706024287_65afdd5f0abde.png,GORONTALO,"Pulubala, Kota Tengah, Gorontalo Regency, Gorontalo 96138","Bosas Cake Bakery Catering oleh Samsuriana Saleh menawarkan Pie Susu yang lezat. Dibuat dari bahan-bahan pilihan, setiap kudapan menjanjikan kepuasan bagi pelanggan.",FnB,B2C,5,"10,000,000",-,0822-4545-9892
Kitihan,https://drive.pastibisa.app/1706024344_65afdd985bbd6.png,KALIMANTAN SELATAN,"Jl. Belda Gg. Emas Urai No.8 RT.25, Banjarmasin","Kitihan, dipimpin oleh Rahmadania, menyediakan Garam Rujak berkualitas. Dengan pemilihan bahan yang teliti, Kitihan menghadirkan rasa yang khas dan memanjakan lidah.",Food Processing,Hybrid B2B and B2C,2,"8,000,000",-,0852-5115-9286
Warung Azizah,https://drive.pastibisa.app/1706024373_65afddb520dfc.png,KALIMANTAN SELATAN,"Jl. Veteran, Sungai Lulut, Kec. Banjarmasin Tim., Kota Banjarmasin, Kalimantan Selatan 70653","Warung Azizah di bawah kepemimpinan Rabiatul Adawiyah menjadi tempat yang tepat untuk menikmati beragam Makanan dan Minuman yang mengesankan, di mana kualitas dan keaslian menjadi prioritas.",FnB,B2C,2,"10,000,000",-,0857-5151-7757
Rumah Jahit Tiwi,https://drive.pastibisa.app/1706024408_65afddd8417a9.png,RIAU,"Kec.kemuning, Keritang, air bilu, Pekanbaru, Riau 29276","Rumah Jahit Tiwi, yang dikelola oleh Reni Novita, fokus pada pembuatan pakaian dan produk tekstil dengan layanan Spesifik/Job Order. Setiap karya dijahit dengan kecintaan dan ketelitian, menjamin kepuasan setiap pelanggan.",Fashion,B2C,4,"8,000,000",-,0822-8402-8974
Amaopi,https://drive.pastibisa.app/1706024439_65afddf75efec.png,JAWA TIMUR,"Jl. Raya Wonorejo No.25, Wonorejo, Kec. Rungkut, Surabaya, Jawa Timur 60296","Amaopi milik Acik Yuli T. merupakan perusahaan yang menonjol dalam industri aksesoris, menawarkan produk-produk berkualitas tinggi yang dirancang untuk melengkapi setiap penampilan dengan sentuhan elegan dan gaya.",Fashion,B2C,3,"10,000,000",-,0815-1510-0903
UKM DAHLIA 3,https://drive.pastibisa.app/1706024481_65afde213d9ae.png,JAWA TIMUR,"Jl. Jemur Wonosari Gg. Lebar No.24, Jemur Wonosari, Kec. Wonocolo, Surabaya, Jawa Timur 60237","UKM DAHLIA 3, dibawah kepemimpinan RONALDINE PIETERSZ, berfokus pada penciptaan makanan yang lezat dan autentik, menawarkan pengalaman rasa yang memuaskan dan menggugah selera.",FnB,B2C,3,"3,000,000",-,0897-3145-197
Pisang Keju Raja Menoreh,https://drive.pastibisa.app/1706024513_65afde41eb361.png,YOGYAKARTA,"Jl. Nanggulan Mendut, kedondong, Banjararum, Kec. Kalibawang, Kabupaten Kulon Progo, Daerah Istimewa Yogyakarta 55672","Pisang Keju Raja Menoreh yang dijalankan oleh Iwan Rahmanto, dikenal dengan produk pisang kejunya yang unik, menggabungkan cita rasa tradisional dengan sentuhan modern yang mengundang selera.",FnB,B2C,2,"7,000,000",-,0822-5319-5188
Peyek Berkah Alam,https://drive.pastibisa.app/1706024546_65afde62873a7.png,YOGYAKARTA,"Jl. Sonosewu Baru No.470a, Sanggrahan, Ngestiharjo, Kec. Kasihan, Kabupaten Bantul, Daerah Istimewa Yogyakarta 55184","Peyek Berkah Alam oleh Theresia Sulastri, mengkhususkan diri dalam produksi peyek berkualitas tinggi, menghadirkan kerenyahan dan rasa yang tak tertandingi sebagai cemilan favorit keluarga.",FnB,Hybrid B2B and B2C,2,"9,000,000",-,peyekberkahalamofficial@gmail.com
Azkiya Coklat,https://drive.pastibisa.app/1706024571_65afde7bb9f40.png,YOGYAKARTA,"Ngaliyan, Ngargosari, Samigaluh, Kulon Progo Regency, Special Region of Yogyakarta 55673","Azkiya Coklat, dipimpin oleh Mungawiyah, terkenal dengan coklat karakternya yang unik dan inovatif, menghadirkan kebahagiaan dalam setiap gigitan.",FnB,Hybrid B2B and B2C,1,"10,000,000",-,0838-2923-7637
Kedai Oo,https://drive.pastibisa.app/1706024603_65afde9b86a75.png,YOGYAKARTA,"Perumahan Ngori Indah D13, Ngaglik, Yogyakarta","Kedai Oo oleh Ardita Kusuma Dewi Putri, menawarkan dimsum yang lezat, dibuat dengan bahan-bahan segar dan teknik memasak tradisional, memberikan rasa autentik yang memuaskan.",FnB,B2C,14,"7,500,000",-,0813-2756-6630
Ledeviar,https://drive.pastibisa.app/1706024632_65afdeb827443.png,JAWA TIMUR,"Jl. Jojoran Baru III No.30, Mojo, Kec. Gubeng, Surabaya, Jawa Timur 60285","Ledeviar, di bawah arahan Hardiansyah Widjaja, memproduksi gelang dan kalung yang elegan dan bergaya, sempurna untuk setiap kesempatan dan cocok sebagai hadiah istimewa.",Fashion,Hybrid B2B and B2C,2,"10,000,000",-,0895-0347-7887
Nevo Collection,https://drive.pastibisa.app/1706024665_65afded9290b7.png,JAWA TIMUR,"Jalan Kalianyar Ponten No.21, Bongkaran, Kec. Pabean Cantikan, Surabaya, Jawa Timur 60161","Nevo Collection oleh Jajoek Nevo, menonjol dalam industri souvenir dengan produk-produk yang unik dan mengesankan, sempurna sebagai kenang-kenangan atau hadiah spesial.",Production,B2C,2,"10,000,000",-,0821-3138-5885
Berkah Chiken,https://drive.pastibisa.app/1706024692_65afdef442d4c.png,YOGYAKARTA,"Jl. Kusumanegara, Semaki, Kec. Umbulharjo, Kota Yogyakarta, Daerah Istimewa Yogyakarta 55166","Berkah Chiken milik Margareta Rudastiningsih, menghadirkan ayam berkualitas tinggi, diproses dengan standar tinggi untuk memastikan kelezatan dan keamanan.",FnB,Hybrid B2B and B2C,1,"2,800,000",-,0895-4221-81584
Dhara Djati,https://drive.pastibisa.app/1706024717_65afdf0de56c0.png,YOGYAKARTA,"Ploso, Bunder, Kec. Patuk, Kabupaten Gunung Kidul, Daerah Istimewa Yogyakarta 55862","Dhara Djati, yang dijalankan oleh Dian Tri Setyawati, spesialis dalam kain batik ecoprint, menggabungkan tradisi batik dengan teknik modern untuk menciptakan karya seni yang indah dan berkelanjutan.",Fashion,Hybrid B2B and B2C,3,"2,400,000",-,0877-3900-2576
KSA (Kerajinan Sekar Alam),https://drive.pastibisa.app/1706024741_65afdf25caf76.png,YOGYAKARTA,"Munggur, Semin, Gunung Kidul Regency, Special Region of Yogyakarta 55854","KSA, dipimpin oleh Parinem, menghadirkan keindahan alam melalui produk kerajinan rotan kayu yang unik. Setiap karya di KSA menggabungkan estetika tradisional dengan sentuhan modern, menciptakan karya seni yang tidak hanya memikat secara visual tetapi juga berfungsi dan tahan lama.",Production,Hybrid B2B and B2C,4,"3,000,000",-,0858-6534-7099
Seven and only,https://drive.pastibisa.app/1706024769_65afdf4161194.png,YOGYAKARTA,"Kepil, Bandung, Kec. Playen, Kabupaten Gunung Kidul, Daerah Istimewa Yogyakarta 55861","Di bawah kepemimpinan Septi Yuliana, Seven and Only memproduksi tas dengan desain yang elegan dan praktis. Setiap tas dibuat dengan perhatian terhadap detail, menjamin kualitas dan keindahan yang sesuai dengan gaya hidup modern.",Fashion,Hybrid B2B and B2C,2,"3,000,000",-,0812-8614-1304
Melati Sneck,https://drive.pastibisa.app/1706024793_65afdf5975cce.png,YOGYAKARTA,"Jl. Jangkang, Area Sawah, Widodomartani, Kec. Ngemplak, Kabupaten Sleman, Daerah Istimewa Yogyakarta 55584","Marsini, dengan Melati Sneck, menghidangkan ragam snack tradisional seperti klepon, semar mendem, dan jadah. Produk-produknya menawarkan sensasi rasa autentik yang menggugah kenangan dan kehangatan dalam setiap gigitan.",FnB,B2C,2,"5,000,000",-,snackmelatimarsini@gmail.com
Primeline,https://drive.pastibisa.app/1706024826_65afdf7a9e7c5.png,YOGYAKARTA,"Jl. N. Mawar, Cupuwatu I, Purwomartani, Kec. Kalasan, Kabupaten Sleman, Daerah Istimewa Yogyakarta 55571","Primeline, di bawah arahan TH Prima Mulya Nuraeni, menawarkan batik yang menggabungkan keindahan seni tradisional dengan kecanggihan teknik modern. Setiap kain batik adalah perwujudan dari warisan budaya yang kaya dan penghargaan terhadap kerajinan tangan yang halus.",Fashion,Hybrid B2B and B2C,2,"5,000,000",-,0817-726-416
Lia Zydny Art,https://drive.pastibisa.app/1706024849_65afdf919a03f.png,JAWA TIMUR,"Jl. Bhayangkari kel No.196, RT.05/RW.02, Gondang Selatan, Juwetkenongo, Kec. Porong, Kabupaten Sidoarjo, Jawa Timur 61274","Lia Zydny Art, didirikan oleh Isliawati, merupakan pusat kerajinan sulam pita yang menggabungkan keterampilan tradisional dengan estetika kontemporer. Setiap karya adalah ekspresi dari keindahan, kehalusan, dan dedikasi.",Production,B2C,9,"8,000,000",-,0821-3989-7388
Hana Bakery,https://drive.pastibisa.app/1706024876_65afdfacd5838.png,YOGYAKARTA,YOGYAKARTA,"Hana Bakery, yang didirikan oleh Hana Mufida, menyajikan berbagai jenis kue tart yang lezat dan menarik. Dengan perpaduan bahan berkualitas dan keterampilan pembuatan kue yang luar biasa, Hana Bakery berhasil menghadirkan kebahagiaan dalam setiap kudapan.",FnB,B2C,4,"5,000,000",-,0877-3139-5152
Pawon Remen,https://drive.pastibisa.app/1706024916_65afdfd45f25c.png,YOGYAKARTA,"Gg. Ledok Tukangan 2, Tegal Panggung, Kec. Danurejan, Kota Yogyakarta, Daerah Istimewa Yogyakarta 55212","Pawon Remen, di bawah bimbingan Mujiarti, menawarkan pilihan snack yang lezat dan beraneka ragam. Setiap produk dibuat dengan penuh cinta dan perhatian, memastikan bahwa setiap gigitan memberikan kepuasan maksimal.",FnB,B2C,4,"6,400,000",-,0819-1898-8489
MyTR Ecoprint,https://drive.pastibisa.app/1706024946_65afdff2914fc.png,YOGYAKARTA,"Jln Am Sangaji Blunyahrejo TR 2/1019 A, Karangwaru, Kec. Tegalrejo, Kota Yogyakarta, Daerah Istimewa Yogyakarta 55241","MyTR Ecoprint, dipelopori oleh Panca Irawati, menghadirkan kain ecoprint yang berkelanjutan dan ramah lingkungan. Dengan teknik pewarnaan alami dan desain yang inovatif, MyTR Ecoprint menggabungkan mode dengan tanggung jawab sosial dan lingkungan.",Textile,B2C,7,"5,000,000",-,0877-3819-5226
Eldinams Food and Cookies,https://drive.pastibisa.app/1706024978_65afe012eb360.png,YOGYAKARTA,"Angkringan Matakupi, Jl. Purwanggan No.14, Purwokinanti, Pakualaman, Kota Yogyakarta, Daerah Istimewa Yogyakarta 55112","Eldinams Food and Cookies, dipimpin oleh Nila Rosnilawati, menyajikan pepes ikan dengan cita rasa yang kaya. Setiap pepes dibuat dari bahan-bahan pilihan dan resep tradisional, memastikan pengalaman kuliner yang autentik dan lezat.",FnB,B2C,3,"8,000,000",-,0813-2881-5790
DWI PERCA,https://drive.pastibisa.app/1706025009_65afe0313b013.png,YOGYAKARTA,"Jl. Ki Mangunsarkoro No.32, Gunungketur, Pakualaman, Kota Yogyakarta, Daerah Istimewa Yogyakarta 55111","DWI PERCA, yang didirikan oleh Dwi Hartini, mengkhususkan diri dalam produksi kain perca yang kaya warna dan tekstur. Dengan perpaduan kreativitas dan keahlian, DWI PERCA mengubah potongan-potongan kain menjadi karya seni yang indah dan multifungsi.",Textile,B2C,3,"5,000,000",-,0882-2761-9376
Afikry,https://drive.pastibisa.app/1706022288_65afd5901d673.png,GORONTALO,"Jl. Lupoyo, Dulomo Sel., Kec. Kota Utara, Kota Gorontalo, Gorontalo 96123","Dipimpin oleh Kartin Arsyad, Afikry adalah perusahaan yang berdedikasi dalam menyediakan Kacang Bawang berkualitas tinggi. Dengan penekanan pada rasa autentik dan kualitas premium, Afikry berkomitmen untuk memberikan kepuasan pada setiap gigitan.",FnB,B2C,2,"10,000,000",-,0821-8876-4447
ROTIN FOOD,https://drive.pastibisa.app/1706022363_65afd5db7d541.png,YOGYAKARTA,Blunyahrejo Tr.ll/1006 RT/RW 15/05 Karangwaru Tegalrejo Yogyakarta KOTA YOGYAKARTA,"Jasa pembuatan seserahan ,hantaran,mahar,buket,parcel pernikahan .rias dan industri roti",FnB,B2C,2,"4,000,000",-,081-846-9500
D Inayah,https://drive.pastibisa.app/1706022226_65afd5529cdcc.png,SULAWESI SELATAN,"Tamanyeleng, Barombong, Gowa Regency, South Sulawesi 90225","Dipimpin oleh Nurhalima, D Inayah adalah merek yang terkenal dengan Snack enak dan inovatif. Berkomitmen untuk kreativitas dan kualitas, D Inayah menawarkan varian rasa yang akan memuaskan setiap selera.",FnB,B2C,4,"3,000,000",-,0853-9789-5662
Kian Bagus Kitchen,https://drive.pastibisa.app/1706021868_65afd3ec94a34.png,RIAU,"Stik wortel dan stik bayam (NIB, PIRT).","Dengan Ewi Sarinawati di garis depan, Kian Bagus Kitchen telah mengukir nama dalam industri makanan sehat dengan Stick Bayam yang bergizi. Setiap produk adalah bukti komitmen mereka terhadap kesehatan dan kelezatan.",FnB,B2C,1,"9,000,000",-,0831-8623-3226
GOMARYAM,https://drive.pastibisa.app/1706022194_65afd53299f84.png,JAWA BARAT,"No.111 RT 05/01 kel. Manggahang Baleendah, Bandung, Jawa Barat","Dipimpin oleh DINEU DINUL, GOMARYAM adalah kreatif dalam membuat SOUVENIR AKSESORIS yang unik dan menarik. Dengan fokus pada desain yang orisinal dan berkualitas, GOMARYAM adalah pilihan tepat untuk mengabadikan momen spesial.",Production,Hybrid B2B and B2C,1,"3,500,000",-,Ig: gomaryam.id
Rumah Cuci,https://drive.pastibisa.app/1706021831_65afd3c7df21f.png,SULAWESI SELATAN,"Ujung Baru, Soreang, Parepare, 91131","Di bawah kepemimpinan Wahyuni Jabri, Rumah Cuci menawarkan layanan Laundry dengan standar tertinggi. Dengan penekanan pada kebersihan dan perhatian terhadap detail, Rumah Cuci berkomitmen untuk memberikan layanan terbaik.",Services,B2C,2,"5,000,000",-,0852-9958-3593
BERBAS CAKE,https://drive.pastibisa.app/1706021791_65afd39fe131b.png,JAWA BARAT,"Jl. Griya Gandasari Blk. G No.9, Mangkurayat, Kec. Cilawu, Kabupaten Garut, Jawa Barat 44181","Heli Herliani, seorang pengusaha berbakat, memimpin BERBAS CAKE dalam menghasilkan BOLU yang lezat dan terbuat dari bahan-bahan terpilih. Setiap kue adalah perpaduan sempurna antara tradisi dan inovasi.",FnB,B2C,3,"5,000,000",-,0896-5512-0459
Tina Collection,https://drive.pastibisa.app/1706021750_65afd3760f205.png,SULAWESI SELATAN,"Jl. A. Makkasau, Penrang, Kec. Watang Sawitto, Kabupaten Pinrang, Sulawesi Selatan 91213","Di bawah kepemimpinan Hj. Agustina, Tina Collection menghadirkan Sarung Bantal berkualitas dengan desain yang elegan. Komitmen mereka terhadap kenyamanan dan gaya membuat setiap produk menjadi pilihan yang sempurna untuk rumah Anda.",Production,Hybrid B2B and B2C,4,"7,000,000",-,officialtinacollection@gmail.com
MONALISA CAKE CATERING,https://drive.pastibisa.app/1706021723_65afd35bedc5a.png,JAWA BARAT,"Cireundeu Lebak RT.03/05, Girijaya, Kec. Nagrak, Kabupaten Sukabumi, Jawa Barat 43356","Dipimpin oleh IMAT NAWATI, MONALISA CAKE CATERING dikenal dengan KUE BASAH DAN CAKE yang tidak hanya lezat tetapi juga memanjakan mata. Setiap kue adalah karya seni yang menyenangkan baik lidah maupun pandangan.",FnB,B2C,3,"5,000,000",-,0858-6334-2430
PT SRIKANDI BERKAH HASANAH,https://drive.pastibisa.app/1706021697_65afd3416606b.png,JAWA BARAT,"Cibubur, Rukan Food Plaza Street No.35, Cikeas Udik, Gunung Putri, Bogor,16966","Di bawah arahan ENUNG HASANAH SPDI, PT SRIKANDI BERKAH HASANAH telah membawa dunia KOPI BUBUK dengan rasa yang kaya dan aroma yang memikat. Komitmen mereka terhadap kualitas telah menjadikan mereka pilihan utama bagi para penikmat kopi.",FnB,Hybrid B2B and B2C,9,"10,000,000",-,(021) 22886742
Iwat Craft,https://drive.pastibisa.app/1706021670_65afd32695c37.png,LAMPUNG,"Komplek Perumahan Kantor Direksi PTPN VII LK II RT 002, Kel. Kedaton, Kec. Kedaton, Kab. Bandar lampung","Dipimpin oleh Nurni Suhendra Wati, S.E, menghadirkan aksesoris yang dirancang untuk melengkapi keunikan setiap individu. Setiap produk dibuat dengan sentuhan personal, menonjolkan kerajinan dan estetika tinggi.",Production,B2C,2,"5,000,000",-,0852-7368-5013
Fajar Batik Tulis,https://drive.pastibisa.app/1706021592_65afd2d81fc2f.png,LAMPUNG,"Jl. Perkutut, Pinang Jaya, Kec. Kemiling, Kota Bandar Lampung, Lampung 35153","Fajar Batik Tulis di bawah kepemimpinan Suratini menawarkan koleksi pakaian batik tulis yang elegan. Dengan menggabungkan tradisi dan modernitas, Fajar Batik Tulis memastikan setiap lembaran kainnya mengisahkan kekayaan budaya.",Fashion,B2C,1,"7,500,000",-,0812-4868-894
Ulie Arrjev,https://drive.pastibisa.app/1706021619_65afd2f340c81.png,LAMPUNG,"Jl. Pagar Alam Gg. Pubian 2 No.40, Segala Mider, Kec. Tj. Karang Bar., Kota Bandar Lampung, Lampung","Ulie Arrjev, dipimpin oleh Zurmalita, SPT, menawarkan minuman yang menyegarkan dan inovatif. Dibuat dari bahan-bahan berkualitas, setiap tegukan memberikan sensasi yang memuaskan dan menyehatkan.",FnB,B2C,6,"9,000,000",-,0821-7353-8117
Rengginang Cumbuy,https://drive.pastibisa.app/1706021462_65afd2562464b.png,LAMPUNG,"Wayhui RT 002 RW 009 Desa Wiyono, KAB. PESAWARAN , Prov. LAMPUNG","Rengginang Cumbuy oleh Siti Rohimah menyajikan variasi makanan ringan yang gurih. Menggunakan resep tradisional, setiap kudapan dibuat untuk memanjakan lidah dengan rasa otentik.",FnB,B2C,4,"7,500,000",-,0823-8034-8772
EROS COFFEE COMUNITY,https://drive.pastibisa.app/1706021399_65afd217ac40e.png,NUSA TENGGARA BARAT,"RT.01/RW.01, Kananga, Bolo, Bima Regency, West Nusa Tenggara 84161","EROS COFFEE COMUNITY, dipimpin oleh Rahmat Subhan, menawarkan kopi Eros yang kaya rasa. Dengan biji kopi pilihan dan pengolahan yang sempurna, setiap cangkir kopi menjanjikan pengalaman yang tak terlupakan.",FnB,Hybrid B2B and B2C,4,"10,000,000",-,0823-4086-1569
UD. KABAR BUMI,https://drive.pastibisa.app/1706021434_65afd23a933d5.png,NUSA TENGGARA BARAT,"Gang.Mesjid At Taqwa Lingk. Bosok, Menala, Kec. Taliwang, Kabupaten Sumbawa Barat, Nusa Tenggara Bar. 84455","UD. KABAR BUMI yang dipimpin oleh Marni Sulastri, S.H, spesialis dalam produksi greng yang berkualitas. Setiap butiran greng diproduksi dengan standar tinggi untuk menjaga kualitas dan keaslian rasa.",FnB,B2C,4,"10,000,000",-,0822-3685-9575
Kripik Pisang Callista,https://drive.pastibisa.app/1706021355_65afd1eb67b28.png,JAWA TIMUR," Kelurahan Gg. Bujel 1 No.14, RT02 RW02, Kec. Mojoroto, Kabupaten Kediri, Jawa Timur 64113","Kripik Pisang Callista, di bawah kepemimpinan Tri Yuliastuti, menawarkan keripik pisang yang renyah dan lezat. Dengan bahan-bahan pilihan dan proses pembuatan yang higienis, snack ini menjadi pilihan tepat untuk menemani waktu santai Anda.",FnB,Hybrid B2B and B2C,2,"9,750,000",-,0838-4620-4660
GAWAH DAYA COFFEE,https://drive.pastibisa.app/1706021323_65afd1cb4a37c.png,NUSA TENGGARA BARAT,"Jl. Sesait, Sesait, Kec. Kayangan, Kabupaten Lombok Utara, Nusa Tenggara Bar. 83353",GAWAH DAYA COFFEE oleh Wisnu Supangga menyajikan bubuk kopi yang berkualitas. Setiap butiran kopi dipilih dengan teliti dan diolah secara profesional untuk menghasilkan aroma dan rasa kopi terbaik.,FnB,Hybrid B2B and B2C,8,"8,000,000",-,0877-0337-5085
ASSYIFA KUE,https://drive.pastibisa.app/1706021289_65afd1a960786.png,NUSA TENGGARA BARAT,"Jalan Pendidikan Dusun Karang Tunggul, Anyar, Kec. Bayan, Kabupaten Lombok Utara, Nusa Tenggara Bar. 83354","ASSYIFA KUE oleh Suhaibatul Aslamiah menawarkan kue tar yang lezat. Dibuat dengan resep tradisional dan bahan-bahan pilihan, kue tar ini siap menyempurnakan momen spesial Anda dengan rasa yang lembut dan memanjakan.",FnB,B2C,1,"6,000,000",-,0878-5990-9797
JAJAQ BAYAN,https://drive.pastibisa.app/1706002059_65af868b731f4.png,NUSA TENGGARA BARAT,"Jalan Raya, Bayan, Lombok, West Nusa Tenggara 83354","JAJAQ BAYAN dipimpin oleh Raden Efta Natasa Putra menyediakan kain tenun berkualitas. Dengan menggabungkan warisan budaya dan teknik tenun modern, setiap lembar kain tenun menghadirkan keindahan dan keeleganan yang tiada tara.",Textile,B2C,12,"10,000,000",-,0819-0715-2407
SALAM RINJANI COFFEE,https://drive.pastibisa.app/1706002114_65af86c27d3e2.png,NUSA TENGGARA BARAT,"Jl. Pariwisata, tumpang sari, Senaru, Kec. Bayan, Kabupaten Lombok Utara, Nusa Tenggara Bar. 83354","SALAM RINJANI COFFEE, dipimpin oleh Yuliandri Ahwan, menawarkan bubuk kopi Robusta berkualitas tinggi. Setiap butiran kopi dipilih secara teliti untuk memberikan aroma dan rasa yang khas bagi pecinta kopi.",FnB,Hybrid B2B and B2C,2,"5,000,000",-,0878-4687-7226
Yora Snack,https://drive.pastibisa.app/1706002025_65af8669e2d26.png,RIAU,Jln Sukakarya panam pekanbaru,"Yora Snack, di bawah kepemimpinan Gusniati, mengkhususkan diri dalam produksi snack yang dapat disesuaikan sesuai kebutuhan spesifik pelanggan. Kami menjamin kepuasan setiap pesanan dengan pelayanan yang detail dan personal.",FnB,B2C,2,"5,000,000",-,0822-8545-3724
Andara Food,https://drive.pastibisa.app/1706001998_65af864e294b9.png,SULAWESI TENGAH,SULAWESI TENGAH,"Andara Food, yang dijalankan oleh Zurmalita, SPT, menawarkan berbagai minuman segar yang dirancang untuk menyegarkan dan menyenangkan hari Anda. Setiap minuman kami adalah perpaduan sempurna antara kualitas dan cita rasa.",FnB,B2C,3,"5,000,000",-,0812-5277-0025
CV. Azzahrah,https://drive.pastibisa.app/1706001966_65af862ed3817.png,SULAWESI SELATAN,"Jenetallasa, Pallangga, Kab. Gowa, 92161","CV. Azzahrah, dipimpin oleh Ibnu, merupakan produsen aluminium terpercaya yang menjamin kualitas dan kekuatan dalam setiap produknya. Kami berkomitmen untuk menyediakan solusi aluminium yang inovatif dan tahan lama.",Production,Hybrid B2B and B2C,81,"5,000,000",-,(0411) 8214412
Ibalidi Petshop,https://drive.pastibisa.app/1706001936_65af8610be746.png,KEPULAUAN BANGKA BELITUNG,"Jalan Pahlawan No.12, Keramat, Rangkui, Kota Pangkal Pinang, 33684","Ibalidi Petshop, di bawah bimbingan Dalila, menyediakan pilihan makanan dan pelet kucing yang berkualitas untuk memastikan kesehatan dan kebahagiaan hewan peliharaan Anda. Kami percaya bahwa nutrisi yang tepat adalah kunci kebahagiaan hewan peliharaan.",Petshop,B2C,3,"4,500,000",-,0813-7394-5582
Widya Art,https://drive.pastibisa.app/1706001912_65af85f8cc4b5.png,SULAWESI SELATAN,"Jl Ratulangi No 202, Kecamatan Wara Utara. Kota Palopo","Widya Art, yang dipimpin oleh Muhammad Tahir, menawarkan kerajinan tangan yang unik dan estetis. Setiap karya merupakan perpaduan antara seni tradisional dan inovasi modern, menciptakan produk yang tidak hanya indah tapi juga memiliki nilai.",Production,Hybrid B2B and B2C,4,"7,000,000",-,0813-4355-6409
Wulandari Handmade,https://drive.pastibisa.app/1706001884_65af85dc47448.png,LAMPUNG,"Jl. Veteran No.06, Hadimulyo Bar., Kec. Metro Pusat, Kota Metro, Lampung 34111","Wulandari Handmade, dipimpin oleh Gesti Ayu S Wulandari, spesialis dalam produk tapis turunan yang autentik. Kami bangga dalam melestarikan warisan budaya melalui setiap produk buatan tangan kami.",Production,Hybrid B2B and B2C,3,"10,000,000",-,0852-6998-6999
Dwi Jaya,https://drive.pastibisa.app/1706001851_65af85bba8a5f.png,JAWA TENGAH,"Jl. Pramuka No.136, Kongsen, Purwokerto Kulon, Kec. Purwokerto Sel., Kabupaten Banyumas, Jawa Tengah 53141","Dwi Jaya, yang dikomandoi oleh Mulyadi Gunawan, adalah nama terpercaya dalam industri kain. Kami menawarkan kain berkualitas tinggi dengan pilihan yang beragam untuk memenuhi kebutuhan fashion dan tekstil Anda.",Textile,B2C,7,"9,900,000",-,0813-9033-6378
Martabak Tegal Markicob,https://drive.pastibisa.app/1706001759_65af855f9f954.png,SULAWESI UTARA,"Jl. Arnold Mononutu, Wanea, Kec. Wanea, Kota Manado, Sulawesi Utara 95115","Martabak Tegal Markicob, di bawah arahan Safrianto Polomulo, menyajikan martabak yang lezat dengan berbagai pilihan rasa. Kami berkomitmen untuk menyajikan martabak yang tidak hanya menggugah selera tetapi juga memberikan pengalaman makan yang tak terlupakan.",FnB,B2C,2,"8,000,000",-,0852-2947-2438
Toko Bu Maryani,https://drive.pastibisa.app/1705993231_65af640fd4090.png,JAWA TENGAH,"Jl. Karang, Kebondalem, Paseban, Kec. Bayat, Kabupaten Klaten, Jawa Tengah 57411","Toko Bu Maryani, yang dijalankan oleh Maryani, menyediakan aneka sembako berkualitas tinggi. Kami berdedikasi untuk menyediakan produk sehari-hari yang segar dan terjangkau untuk memenuhi kebutuhan keluarga Anda.",Retail,B2C,3,"10,000,000",-,0857-2743-0897
EMA CELL,https://drive.pastibisa.app/1705993218_65af6402c7659.png,DKI JAKARTA,"Jl. Pulo Nangka Timur III No.2 6, RT.6/RW.8, Pulo Gadung, Kec. Pulo Gadung, Kota Jakarta Timur, Daerah Khusus Ibukota Jakarta 13260","EMA CELL, di bawah kepemimpinan Ema Murni, berkomitmen menyediakan pulsa berkualitas untuk memenuhi kebutuhan komunikasi Anda. Kami berdedikasi untuk memberikan layanan terbaik dan tercepat.",Electronic,B2C,1,"9,500,000",-,0815-7428-5257
Kitchen of Iney,https://drive.pastibisa.app/1705993208_65af63f88556e.png,KALIMANTAN TIMUR,"Jl. Drs H. Anang Hasyim Komp. Kehutanan Blok F2 No.14 RT.20, Kota Samarinda, Kalimantan Timur 75124","Kitchen of Iney, pimpinan Yenni Rosmala, adalah surga bagi pencinta bolu chiffon. Setiap bolu dibuat dengan penuh kasih, memastikan kelezatan di setiap suapannya.",FnB,B2C,1,"5,000,000",-,0811-5512-200
TOKO OLEH OLEH SUKAMARA AR,https://drive.pastibisa.app/1705993196_65af63ecc6c6a.png,KALIMANTAN TENGAH,"Jl ahmidi rt/rw 11/04, Mendawai, Kec. Sukamara, Kabupaten Sukamara, Kalimantan Tengah 74172","TOKO OLEH OLEH SUKAMARA AR, yang dipimpin oleh Heny Agustina, menawarkan aneka kerupuk kering, kerupuk basah, dan amplang. Produk kami diproses dengan higienis dan bahan berkualitas untuk memastikan kepuasan pelanggan.",Retail,B2C,3,"5,000,000",-,0852-4854-5656
OENTOENG SEMBAKO,https://drive.pastibisa.app/1705993186_65af63e25da94.png,YOGYAKARTA,"Mertosanan Wetan, Potorono, Banguntapan, Bantul Regency, Special Region of Yogyakarta 55194","OENTOENG SEMBAKO, di bawah arahan Nur Lailatul Fatmawati, menyediakan sembako berkualitas tinggi. Kami berkomitmen untuk mendukung kebutuhan sehari-hari keluarga Anda dengan produk yang terjangkau dan terpercaya.",Retail,B2B,3,"10,000,000",-,0857-0660-7004
Lily Colection,https://drive.pastibisa.app/1705993109_65af63957ad2e.png,YOGYAKARTA,"Pusat Grosir Metro Beringharjo, Jl. Pabringan B1 67, Ngupasan, Kec. Gondomanan, Kota Yogyakarta, Daerah Istimewa Yogyakarta 55122","Lily Collection, yang dipimpin oleh Siti Masamah, menawarkan tas fashion yang trendi dan berkualitas. Setiap produk kami dirancang untuk meningkatkan gaya dan kenyamanan Anda.",Fashion,B2C,1,"2,000,000",-,0817-5034-281
BAROKAH COLLECTIONS,https://drive.pastibisa.app/1705993097_65af63891f71d.png,YOGYAKARTA,"Pusat Grosir Metro Beringharjo, Jalan Pabringan Blok C2 No.1 Lt.2 PB I, No.073, Suryodiningratan, Kec. Mantrijeron, Kota Yogyakarta, Daerah Istimewa Yogyakarta 55122","BAROKAH COLLECTIONS, di bawah kepemimpinan Siti Nuriyah, menyediakan tas rajut/goni yang unik dan tahan lama. Kami berdedikasi untuk menyediakan produk yang tidak hanya bergaya tetapi juga ramah lingkungan.",Fashion,B2C,2,"10,000,000",-,officialbarokahcollection@gmail.com
Warung Rahma,https://drive.pastibisa.app/1705993085_65af637d6d8a0.png,SULAWESI TENGAH,"Tanamodindi, Mantikulore,  Kota Palu, Sulawesi Tengah","Warung Rahma, dipimpin oleh Frengky Labedi, adalah tempat terbaik untuk menikmati Nasi Ayam Crispy dan Geprek. Setiap hidangan disiapkan dengan cinta, memastikan rasa yang tak terlupakan.",FnB,B2C,2,"5,000,000",-,0852-5587-7059
Central Madu,https://drive.pastibisa.app/1705993051_65af635b4e5b2.png,LAMPUNG,"Jl. P. Tirtayasa, Sukabumi, Kec. Sukabumi, Kota Bandar Lampung, Lampung 35122","Central Madu, di bawah arahan Naufal Halim, berkomitmen untuk menyediakan madu murni dan alami. Kami percaya dalam menyediakan produk kesehatan yang berkualitas untuk pelanggan kami.",Farms,B2C,2,"10,000,000",-,0822-1718-9767
Ayam Panggang Kaoeman,https://drive.pastibisa.app/1705993018_65af633a363a8.png,JAWA TENGAH,"Jl. Cakra IV No.3a, Kauman, Kec. Ps. Kliwon, Kota Surakarta, Jawa Tengah 57122","Ayam Panggang Kaoeman, yang dipimpin oleh Kras Arizal, menawarkan ayam panggang yang lezat dengan rempah-rempah pilihan. Kami berdedikasi untuk menyajikan hidangan yang akan memuaskan lidah Anda.",FnB,Hybrid B2B and B2C,2,"9,500,000",-,0877-8101-6999
Kedai Kopi Rakula,https://drive.pastibisa.app/1705992951_65af62f799c5c.png,JAWA TENGAH,"Jl. Jumantono - Genengan No.16, Sidoharjo, Ngadiluwih, Kec. Matesih, Kabupaten Karanganyar, Jawa Tengah 57781","Kedai Kopi Rakula, di bawah kepemimpinan Nur Sad Achmad Idhom, adalah surga bagi pecinta kopi. Dengan Kopi Tubruk Chocolate dan V Drip yang kaya rasa, setiap tegukan menjanjikan pengalaman yang tak terlupakan.",FnB,B2C,1,"10,000,000",-,kedaikopirakulaofficial@gmail.com
Kios Rilly,https://drive.pastibisa.app/1705992926_65af62ded88a2.png,SULAWESI UTARA,"Kema Satu, Kema, Minahasa Utara, Sulawesi Utara","Kios Rilly, Dipimpin oleh Rilly Sumual, Kios Rilly menawarkan aneka makanan lezat yang dibuat dengan resep tradisional. Kami berkomitmen untuk menyajikan hidangan yang tidak hanya memuaskan rasa, tapi juga menghangatkan hati setiap pelanggan.",FnB,B2C,3,"5,000,000",-,0812-4644-5375
Stick Ubi Ungu,https://drive.pastibisa.app/1705992885_65af62b542943.png,SUMATERA UTARA,"Jl. Makmur Gg sibaganding No.Kel, Sitamiang Baru, Kec. Padangsidimpuan Sel., Kota Padang Sidempuan, Sumatera Utara 22721","Stick Ubi Ungu Sumarni, pemilik Stick Ubi Ungu, berinovasi dengan ubi ungu, menciptakan snack yang tidak hanya lezat tapi juga bergizi. Stick Ubi kami adalah pilihan sempurna untuk camilan sehat di tengah kesibukan Anda.",FnB,Hybrid B2B and B2C,4,"8,020,000",-,0821-6569-9180
Usa Afri Usaha Kue Bawang Daun Kelor,https://drive.pastibisa.app/1705992856_65af6298d34cb.png,SUMATERA UTARA,"Jl. Ompu Huta Tunjul No.80, Singali, Kec. Padangsidimpuan Hutaimbaru, Kota Padang Sidempuan, Sumatera Utara 22708","Usa Afri Usaha Kue Bawang Daun Kelor, Efridawati Hsb menghadirkan inovasi dalam makanan olahan dengan Kue Bawang Daun Kelor. Kami menggabungkan rasa tradisional dengan nutrisi kelor untuk snack yang sehat dan nikmat.",FnB,B2C,3,"8,500,000",-,0822-7478-9885
D3 COOKIES N SNACKS,https://drive.pastibisa.app/1705992769_65af6241adab6.png,JAMBI,"Prumnas aurduri, blok C 141, Penyengat Rendah, Kec. Telanaipura, Kota Jambi, Jambi 36122","D3 COOKIES N SNACKS, ZURAIDA, ahli kue kering, membawa kreativitas dan rasa lezat dalam setiap gigitan. Di D3 COOKIES N SNACKS, kami yakin bahwa cookie bukan hanya makanan, tapi juga simbol kehangatan rumah.",FnB,Hybrid B2B and B2C,2,"9,500,000",-,0852-6620-0748
KEDAI UMMA KAYYIS,https://drive.pastibisa.app/1705992798_65af625eb0344.png,JAMBI,"Jl. Guntur, Kasang, Kec. Jambi Tim., Kota Jambi, Jambi","KEDAI UMMA KAYYIS, ADELA ANGGRAINI menawarkan Mie Ayam dan Bakso dengan resep warisan keluarga. Di KEDAI UMMA KAYYIS, setiap mangkuk disajikan dengan penuh cinta dan rasa yang otentik.",FnB,Hybrid B2B and B2C,4,"10,000,000",-,0878-6778-6989
FRAN BAKERY,https://drive.pastibisa.app/1705992737_65af62217b2d4.png,JAMBI,"Jl. Sari Bakti, Beliung, Kecamatan alam barajo, Kota Jambi, Jambi 36129","FRAN BAKERY, RAFIKA DEWI memperkenalkan Bolu dan Brownis yang lembut dan lezat. Di FRAN BAKERY, kami menggunakan bahan-bahan pilihan untuk memastikan setiap gigitan membawa kebahagiaan.",FnB,B2C,1,"9,500,000",-,0822-8000-5030
DAPUER BUNDA KEMBAR,https://drive.pastibisa.app/1705992705_65af62018b901.png,JAMBI,"Jln.Prof Jl. Prof. DR. Moh. Yamin No.RT 32, Lb. Bandung, Kec. Jelutung, Kota Jambi, Jambi 36135","DAPUER BUNDA KEMBAR, VINI YUMARDHA ARYA menghidangkan Pempek Palembang autentik yang tak terlupakan. DAPUER BUNDA KEMBAR adalah tempat di mana tradisi dan rasa bertemu.",FnB,B2C,3,"9,800,000",-,0853-6147-5502
RATU DJAMOE,https://drive.pastibisa.app/1705992661_65af61d529acb.png,JAMBI,"Jl. Kutilang 3 Rt.08 No.34, RT.08/RW.00, Tambak Sari, Kec. Jambi Sel., Kota Jambi, Jambi 36139","RATU DJAMOE, IKA ARIYANI menghadirkan Jamu Tradisional, minuman kesehatan khas Indonesia. Di RATU DJAMOE, setiap tetes jamu dibuat dengan bahan alami pilihan untuk kesehatan dan kesejahteraan Anda.",Herbs,B2B,1,"9,500,000",-,Ig: @ratudjamoe_official
Kue Umi Tini,https://drive.pastibisa.app/1705992597_65af61958af57.png,RIAU,"Jl. Proyek baru no 21 , Tj Rhu, Kec.lima Puluh, Kota Pekanbaru, Riau 28143","Kue Umi Tini, Sri Sartini Zakarya mengajak Anda merasakan kelezatan Kue Basah buatan rumah. Di Kue Umi Tini, setiap kue adalah cerminan dari dedikasi dan cinta terhadap kuliner tradisional.",FnB,B2C,1,"4,500,000",-,0823-8227-6067
Warung Makan Bu Joko,https://drive.pastibisa.app/1705992573_65af617dac5f8.png,YOGYAKARTA,"Jl. Gondosuli No.32, Semaki, Kec. Umbulharjo, Kota Yogyakarta, Daerah Istimewa Yogyakarta 55166","Warung Makan Bu Joko, Suparjiyem menawarkan berbagai pilihan kuliner nikmat yang akan memanjakan lidah Anda. Di Warung Makan Bu Joko, setiap hidangan adalah perpaduan sempurna antara rasa dan kehangatan rumahan.",FnB,Hybrid B2B and B2C,4,"2,250,000",-,0857-4745-3237
BAKPIA 121,https://drive.pastibisa.app/1705992544_65af6160efa0f.png,YOGYAKARTA,"Jaranan, Panggungharjo, Sewon, Bantul","BAKPIA 121 dipimpin oleh Sri Lestari, menawarkan bakpia autentik dengan cita rasa yang memikat. Keahlian Sri Lestari dalam mengolah bahan-bahan berkualitas menjadikan setiap gigitan bakpia ini kenangan yang tak terlupakan.",FnB,Hybrid B2B and B2C,2,"2,000,000",-,0895-4139-95696
DAWET INYONG “BLOK O”,https://drive.pastibisa.app/1705992492_65af612c8d4a2.png,YOGYAKARTA,"Jl. Raya Janti, Modalan, Banguntapan, Kec. Banguntapan, Kabupaten Bantul, Daerah Istimewa Yogyakarta 55198","DAWET INYONG “BLOK O” di bawah kepemimpinan Rochmad Kartini, menyajikan dawet tradisional yang menyegarkan. Dengan resep asli dan bahan pilihan, Dawet Inyong menjadi pilihan tepat untuk menemani hari-hari Anda.",FnB,B2C,2,"4,000,000",-,Ig: @dawetinyong
LESEHAN PECEL LELE KANG HAR,https://drive.pastibisa.app/1705992467_65af61134607d.png,YOGYAKARTA,"Jl. Pleret No.18, Bintaran, Potorono, Kec. Banguntapan, Kabupaten Bantul, Daerah Istimewa Yogyakarta 55196","LESEHAN PECEL LELE KANG HAR yang dijalankan oleh Suharyanto, spesialis dalam hidangan lele, ayam, dan telur. Setiap hidangan disajikan dengan penuh perhatian, memastikan pengalaman bersantap yang memuaskan.",FnB,B2C,3,"5,000,000",-,0838-6986-5513
Kripiku,https://drive.pastibisa.app/1705992437_65af60f501a4e.png,MALUKU,"Jl, Waiheru, Kec. Baguala, Kota Ambon, Maluku 97233","Kripiku oleh Metta Natasyah menawarkan keripik kasbi yang renyah dan penuh rasa. Diproduksi dengan standar tinggi, Kripiku menjamin kepuasan di setiap kemasannya.",FnB,B2C,2,"9,500,000",-,0812-4772-9919
ANGKRINGAN BU EVI,https://drive.pastibisa.app/1705992413_65af60ddb9500.png,YOGYAKARTA,"Gedongkiwo, Mantrijeron, Yogyakarta 55142","ANGKRINGAN BU EVI yang dikelola oleh Evining Dyah Susiloningrum, menyediakan nasi kucing yang lezat dan otentik. Nikmati kehangatan dan kelezatan dalam suasana yang santai dan nyaman.",FnB,B2C,1,"2,000,000",-,Ig: @angkringan_buevi
RUMAH BANGKIT FAFIN,https://drive.pastibisa.app/1705992373_65af60b5634de.png,BANTEN,"Jl. Ki Ajurum, Komplek PU Pengairan Jl. Sempu Klp. Endep No.17, Cipare, Kec. Serang, Kota Serang, Banten 42117","RUMAH BANGKIT FAFIN oleh Ratu Irma menampilkan kue bangkit, kue sagon, dan teh rosella yang dibuat dari bahan pilihan. Setiap produk dijamin membangkitkan selera dan membawa kenikmatan autentik",FnB,B2C,6,"4,500,000",-,0878-1978-9923
UMA PANGAHA 98,https://drive.pastibisa.app/1705992315_65af607b2d343.png,NUSA TENGGARA BARAT,"Jl. Melati II No.98, Rembiga, Kec. Selaparang, Kota Mataram, Nusa Tenggara Bar. 84151","UMA PANGAHA 98 yang dikelola oleh Halimah, menawarkan berbagai kue kering yang lezat. Setiap kue dibuat dengan penuh cinta dan dedikasi, menjadikannya camilan sempurna di setiap kesempatan.",FnB,Hybrid B2B and B2C,6,"10,000,000",-,0878-6575-3702
Bakso Aci Ababwa,https://drive.pastibisa.app/1705992286_65af605e1f4fd.png,JAWA TIMUR,"Bulusan , semen RT 04 RW 06 no 28, Kabupaten Kediri, Jawa Timur 64161","Bakso Aci Ababwa oleh Fatiha Izzaz Imtiaz menawarkan bakso aci dengan tekstur kenyal dan rasa yang khas. Menyajikan pengalaman bersantap yang unik, Bakso Aci Ababwa menggugah selera.",FnB,B2C,1,"4,500,000",-,0858-5312-3474
LEGEND FOOD,https://drive.pastibisa.app/1705992234_65af602adb985.png,NUSA TENGGARA BARAT,"Jl. Majapahit No.1A, Kekalik Jaya, Kec. Sekarbela, Kota Mataram, Nusa Tenggara Bar. 83115","LEGEND FOOD oleh Heru Prayoga, spesialis dalam sosis dan bakso bakar. Dengan bumbu rahasia dan teknik memasak yang tepat, LEGEND FOOD menjanjikan kenikmatan yang legendaris.",FnB,B2C,2,"5,000,000",-,0823-3987-0664
Kulek Bunda Tiara,https://drive.pastibisa.app/1705992184_65af5ff819106.png,RIAU,"Jl. Perjuangan, Sri Meranti, Kec. Rumbai, Kota Pekanbaru, Riau 28266","Kulek Bunda Tiara yang dijalankan oleh Rika Asmeri, mengkhususkan diri dalam pembuatan produk spesifik/job order. Setiap produk dibuat dengan perhatian terhadap detail, memenuhi kebutuhan spesifik setiap pelanggan dengan keunggulan dan keaslian.",FnB,B2C,3,"1,000,000",-,0853-6725-0029
Allysa Tapis,https://drive.pastibisa.app/1705992143_65af5fcf236a6.png,LAMPUNG,"Jl. Cumi-Cumi No.8 rt31, RW.12, Yosodadi, Kec. Metro Tim., Kota Metro, Lampung 34112","Allysa Tapis, dipimpin oleh Siti Subaryani, mengekspresikan keindahan seni tradisional Indonesia melalui produk kain tapis yang berkualitas. Setiap helai kain diciptakan dengan dedikasi dan keahlian tinggi, merefleksikan warisan budaya yang kaya.",Textile,Hybrid B2B and B2C,3,"5,000,000",-,0821-7533-0040
raudhatul jannah bucket collection,https://drive.pastibisa.app/1705992097_65af5fa17e157.png,KALIMANTAN BARAT,"Jl. Karangan No.11, Bansir Laut, Kec. Pontianak Tenggara, Kota Pontianak, Kalimantan Barat 78124, Indonesia ","Raudhatul Jannah Bucket Collection, di bawah kepemimpinan Cici Dwi Purpasari, menyajikan koleksi bucket bunga yang elegan dan menawan. Setiap kreasi dirancang untuk menambah keindahan dan kehangatan di setiap momen istimewa Anda.",Production,B2C,2,"7,000,000",-,0858-2004-6265
Kreasi Arabian,https://drive.pastibisa.app/1705992068_65af5f84406f0.png,JAWA TENGAH,"Tembalang kulon No.35, RT.04/RW.02, Mruyung, Sudagaran, Kec. Banyumas, Kabupaten Banyumas, Jawa Tengah","Kreasi Arabian, dengan Galuh Novandwi sebagai pemimpin, menghadirkan tas kain kanvas yang dirancang dengan sentuhan gaya Timur Tengah. Produk ini cocok bagi Anda yang mencari kombinasi keunikan, kenyamanan, dan fungsionalitas.",Fashion,B2C,3,"9,950,000",-,0878-7500-2358
Kizuna,https://drive.pastibisa.app/1705992037_65af5f654a46e.png,KALIMANTAN BARAT,Jl. Sungai Raya Dalam Komplek Rafles Residence BB 04 Pontianak Tenggara,"Awalnya kizuna berdiri dengan nama lina accessories pada tahun 2012, memproduksi kerajinan rajut kecil seperti bros dan gantungan kunci, setelah melalui beberapa kali pameran dan ikut serta dalam beberapa organisasi seputar umkm, maka pada 2014 nama lina accesories diganti menjadi Kizuna dari bahasa jepang yang maknanya adalah ikatan, menggambarkan ikatan kepedulian kami pada kerajinan daerah, ikatan rajut yang tersambung senantiasa menggambarkan motif motif daerah kalimantan barat dan pada tahun 2017 diciptakannya pola motif corak insang yang ditampilkan secara perdana pada perhelatan kulminasi matahari pada bulan maret 2018.",Fashion,B2C,3,"5,000,000",-,0895-3726-93766
Ciciar,https://drive.pastibisa.app/1705962393_65aeeb992b00f.png,KALIMANTAN BARAT,"Jl. Selat Panjang, Siantan Hulu, Kec. Pontianak Utara, Kota Pontianak, Kalimantan Barat 78393","Kizuna, yang dipimpin oleh Lina Wanda, mempersembahkan koleksi tas rajutan yang dibuat dengan kasih sayang. Setiap tas adalah perpaduan antara estetika modern dan sentuhan tradisional, cocok untuk berbagai kesempatan.",Production,B2C,13,"5,000,000",-,0858-0465-7979
Azzam dan awa,https://drive.pastibisa.app/1705962379_65aeeb8b8ed2d.png,KALIMANTAN BARAT,"Jl. Tabrani Ahmad Jl. Komp. Delima Mas Permai blok A 32, Pal Lima, Kec. Pontianak Bar., Kota Pontianak, Kalimantan Barat 78121","Azzam dan Awa, di bawah kepemimpinan Tri Pradipta Septi, menawarkan tas anyaman yang unik dan stylish. Produk ini menggabungkan estetika tradisional dengan sentuhan modern, menjadikannya pilihan yang sempurna untuk setiap gaya.",Production,B2C,1,"1,000,000",-,0813-4553-5179
rere juna craft,https://drive.pastibisa.app/1705961350_65aee78684566.png,KALIMANTAN BARAT,"Komplek mekar baru regency no.d2, RW.2, Kapur, Kec. Pontianak Tim, Kabupaten Kubu Raya, Kalimantan Barat 78123","Rere Juna Craft, dipimpin oleh Esterlina S.E, menyediakan berbagai tas yang dirancang untuk menyatukan fungsionalitas dan gaya. Setiap tas merupakan hasil karya seni yang menonjolkan kecintaan pada detail dan kualitas.",Production,B2C,5,"8,000,000",-,0858-4965-9752
By Firly Bouquet,https://drive.pastibisa.app/1705961317_65aee76570cd6.png,BENGKULU,"Jl. Padang - Bengkulu No.54, Kp. Kelawi, Kec. Sungai Serut, Kota Bengkulu, Bengkulu 38117","By Firly Bouquet, dengan Theresya Adhelya sebagai pengusahanya, menawarkan bouquet yang dirancang khusus untuk mengungkapkan perasaan dan menghiasi setiap momen penting dalam hidup Anda dengan keindahan yang abadi.",Production,B2C,2,"9,500,000",-,0895-6215-05284
Handcraft Made by Minka,https://drive.pastibisa.app/1705961297_65aee75114ff4.png,MALUKU,"Jl. Pitu Ina Tuni VIII No.29, Kel Amantelu, Kec. Sirimau, Kota Ambon, Maluku","Handcraft Made by Minka, yang dipimpin oleh Mino Kastanya, menyajikan handcraft yang tiap detailnya dirancang dengan hati dan kreativitas. Produk ini membawa kehangatan dan keunikan pada setiap sudut ruangan Anda.",Production,B2C,1,"10,000,000",-,madebyminkacrafts@gmail.com
PENGINAPAN BERINGIN,https://drive.pastibisa.app/1705961134_65aee6aedf3d0.png,SULAWESI UTARA,"Tidore, Kec. Tahuna Tim., Kabupaten Kepulauan Sangihe, Sulawesi Utara, Indonesia ","Penginapan Beringin, di bawah naungan Junus Muhamad Taidi, menawarkan pengalaman menginap yang tenang dan nyaman. Dengan pelayanan yang ramah dan suasana yang menyenangkan, Penginapan Beringin siap menjadi tempat peristirahatan ideal bagi Anda.",Hospitality,B2C,3,"9,000,000",-,0853-9842-1658
JAJANAN KUE KERING DAN SAGU,https://drive.pastibisa.app/1705961123_65aee6a3dfebd.png,SULAWESI UTARA,"Jl. Cendrawasih No.13, Malendeng, Kec. Tikala, Kota Manado, Sulawesi Utara 95129","Di bawah kepemimpinan JIMRI MAKITULUNG, perusahaan kami berkomitmen menyajikan variasi kue kering yang lezat dan berkualitas. Setiap gigitan menjanjikan kenikmatan yang tulus dari resep tradisional dan inovasi terbaru kami.",FnB,B2C,2,"9,000,000",-,0896-9787-4910
Ocha Salon,https://drive.pastibisa.app/1705961109_65aee695e97af.png,SULAWESI TENGAH,"Jl. Labu, Balaroa, Kec. Palu Bar., Kota Palu, Sulawesi Tengah 94111, Indonesia","Dipimpin oleh Fadli Muhamad, Ocha Salon memberikan layanan gunting rambut profesional dengan perhatian pada detail dan kenyamanan pelanggan. Kami percaya setiap potongan rambut bukan hanya tentang gaya, tetapi juga tentang pengalaman yang menyenangkan.",Beauty,B2C,3,"5,000,000",-,ochasalonofficial90211@gmail.com
Prabu Satrio Collection,https://drive.pastibisa.app/1705961069_65aee66dd2b23.png,KALIMANTAN TIMUR,"Jl. Mayor Pol. Zainal Arifin, Damai, Kec. Balikpapan Kota, Kota Balikpapan, Kalimantan Timur","Iwansyah, sebagai pengusaha di Prabu Satrio Collection, menghadirkan jasa menjahit dengan keterampilan tinggi dan akurasi pada setiap detail. Kami berdedikasi menghasilkan karya yang tidak hanya memenuhi, tetapi juga melebihi ekspektasi klien kami.",Services,B2C,2,"8,000,000",-,0822-5522-1369
MJ Grafika,https://drive.pastibisa.app/1705961049_65aee6595915c.png,KALIMANTAN TIMUR,"JL. Mayor Jenderal DI Panjaitan, Gunungsari Ulu, Balikpapan Tengah, Sumber Rejo, Kec. Balikpapan Tengah, Kota Balikpapan, Kalimantan Timur 76122","Dengan Pamudji di garis depan, MJ Grafika memfokuskan diri pada pembuatan stempel dan sablon plastik berkualitas. Kami menggabungkan teknologi terkini dan sentuhan kreatif untuk menghasilkan produk yang mengesankan dan tahan lama.",Retail,B2C,3,"10,000,000",-,(0542) 5654996
Penjahit Daya Guna,https://drive.pastibisa.app/1705961035_65aee64b66600.png,KALIMANTAN TIMUR,"Jl. Siaga No.42 RT 024/06, Damai, Kec. Balikpapan Kota, Kota Balikpapan, Kalimantan Timur 76114","Lukmanul Hakim membawa keterampilan dan ketelitian dalam setiap jahitan di Penjahit Daya Guna. Kami menjamin setiap karya jahit kami menggabungkan kekuatan, keindahan, dan fungsi yang optimal.",Services,B2C,1,"4,250,000",-,(0542) 730295
Penjahit Ulfa,https://drive.pastibisa.app/1705961019_65aee63be6bd7.png,KALIMANTAN TIMUR,"Jl. Indrakila, Gn. Samarinda, Kec. Balikpapan Utara, Kota Balikpapan, Kalimantan Timur 76124","Hapsah, sebagai pemilik Penjahit Ulfa, berkomitmen memberikan layanan jahit baju dengan standar kualitas tertinggi. Kami mendengarkan dan mewujudkan setiap detail permintaan pelanggan dengan presisi dan perhatian.",Services,B2C,1,"8,000,000",-,hapsah1289@gmail.com
Haya Fashion,https://drive.pastibisa.app/1705960832_65aee5808f1c4.png,DI YOGYAKARTA,"Jl. Dukuh Mantrijeron No.1440, Gedongkiwo, Kec. Mantrijeron, Kota Yogyakarta, Daerah Istimewa Yogyakarta 55142","Di bawah arahan Munawaroh, Haya Fashion menonjol dalam industri konveksi baju wanita. Dengan perpaduan antara desain kontemporer dan kenyamanan, setiap kreasi kami dirancang untuk memperkaya penampilan dan kepercayaan diri setiap wanita.",Fashion,B2C,1,"2,000,000",-,officialhayafashionyk@gmail.com
GEULIS BONGAS,https://drive.pastibisa.app/1705960820_65aee57458f85.png,DI YOGYAKARTA,"mangkuyudan MJ 3 No.218, RT.23/RW.07, Mantrijeron, Kec. Mantrijeron, Kota Yogyakarta, Daerah Istimewa Yogyakarta 55143","R LELA NURLELA membawa seni dalam setiap produk craft tas goni di GEULIS BONGAS. Setiap tas adalah pernyataan gaya yang tangguh, menonjolkan keindahan dan kekuatan material pilihan.",Production,B2C,7,"10,000,000",-,0813-1498-0360
Zuaeroh Fashion,https://drive.pastibisa.app/1705960804_65aee564bc08b.png,DI YOGYAKARTA,"Prawirodirjan GM 2/957, Kota Yogyakarta, Daerah Istimewa Yogyakarta 55122","Umi Muji Lestari, sang pengusaha di Zuaeroh Fashion, berdedikasi menghadirkan batik cap yang menggabungkan tradisi dan inovasi. Setiap motif adalah kisah yang dikemas dalam corak dan warna yang memukau.",Fashion,B2C,7,"4,500,000",-,0813-5883-8427
Tukik,https://drive.pastibisa.app/1705960781_65aee54df3e15.png,DI YOGYAKARTA,"Jl. Gendeng GK 4 No.711, Baciro, Kec. Gondokusuman, Kota Yogyakarta, Daerah Istimewa Yogyakarta 55225","Yenny Christin di Tukik menyediakan alas panas yang tidak hanya fungsional tetapi juga estetis. Produk kami dirancang untuk melindungi dengan gaya, menjadikannya tambahan sempurna untuk setiap rumah.",Textile,B2C,12,"6,500,000",-,0853-2561-5677
Arsix Collection,https://drive.pastibisa.app/1705960762_65aee53a6de04.png,SULAWESI SELATAN,"BTN.GOWA PELITA MAS BLOK A3/18 KALEDUPAYA, Jl. Pelita Taeng, Sungguminasa, Kec. Pallangga, Kabupaten Gowa, Sulawesi Selatan 92612","Didirikan oleh Andi Repliati Aripin, Arsix Collection menawarkan rangkaian kain berkualitas tinggi yang didesain untuk memenuhi kebutuhan dan gaya pelanggan modern. Kami berkomitmen untuk menyediakan produk yang menggabungkan kualitas, kenyamanan, dan gaya.",Services,B2C,2,"5,000,000",-,0852-4120-6569
Abiy Cell,https://drive.pastibisa.app/1705960719_65aee50f29e0b.png,SULAWESI SELATAN,"BTP Bumi Tamalanrea Permai, Jl. Bumi Tamalanrea Permai Blok M No.38, Tamalanrea, Kec. Tamalanrea, Kota Makassar, Sulawesi Selatan 90245","Mucksin Darfin, pendiri Abiy Cell, membawa revolusi dalam dunia komunikasi dengan menyediakan kartu data yang andal dan cepat. Abiy Cell berkomitmen untuk memastikan bahwa setiap pelanggan selalu terhubung dengan dunia tanpa hambatan.",Internet,Hybrid B2B and B2C,1,"10,000,000",-,0853-1111-1981
Rumah Jahit Emma Modiste,https://drive.pastibisa.app/1705960683_65aee4eb3a8cf.png,BENGKULU,BENGKULU,"Rahima, dengan keahlian dan pengalaman bertahun-tahun, menawarkan jasa jahit dan permak pakaian yang teliti dan detail di Rumah Jahit Emma Modiste. Setiap jahitan dibuat dengan kecintaan dan ketelitian, memastikan setiap klien mendapatkan hasil yang sempurna.",Services,B2C,1,"9,500,000",-,Ig: @emmamo.r.j
TENUN BELIDA BAYAN,https://drive.pastibisa.app/1705960667_65aee4dbb07fd.png,NUSA TENGGARA BARAT,"Barat, Bayan, Lombok, Nusa Tenggara Barat 83354","Denda Candrasih menghadirkan keindahan dan keunikan Kain Tenun melalui TENUN BELIDA BAYAN. Setiap lembar kain adalah cerita, ditenun dengan teknik tradisional dan desain yang autentik, mencerminkan warisan dan kekayaan budaya lokal.",Textile,B2C,4,"5,000,000",-,0819-9687-0090
Batik Srikandi,https://drive.pastibisa.app/1705951044_65aebf447087f.png,LAMPUNG,"Gg. Merpati, Pinang Jaya, Kec. Kemiling, Kota Bandar Lampung, Lampung 35153","Wahid Ali Sidik, di Batik Srikandi, dengan bangga menyajikan batik yang tidak hanya merupakan pakaian tetapi juga karya seni. Setiap kain batik adalah perpaduan antara seni, tradisi, dan inovasi, menciptakan produk yang tak lekang oleh waktu dan penuh makna.",Textile,Hybrid B2B and B2C,5,"6,000,000",-,0896-5158-9927
AIKU,https://firebasestorage.googleapis.com/v0/b/aimee-6d10e.appspot.com/o/logos%2F1696163175456?alt=media&token=e6c117fd-eddf-4f28-a2ee-524918d7758e,BANTEN,"Modern, Jl. Jenderal Sudirman No.40, Cikokol, Kec. Tangerang, Kota Tangerang, Banten 15117","AIKU adalah teknologi canggih AI untuk memantau dan menganalisis kualitas udara di sekitarmu. Dapatkan informasi tentang polusi udara, identifikasi sumbernya, dan pahami dampaknya pada kesehatan dan lingkungan.",Technology and Information,SaaS,7,"199,500,000",Teknologi dan Pengembangan Produk,aiku@alphabetincubator.id
Alphabet Blockchain,https://firebasestorage.googleapis.com/v0/b/aimee-6d10e.appspot.com/o/logos%2F1695745022650?alt=media&token=91463c33-9e13-48e1-8b8c-10e08e21141a,BANTEN,"Modern, Jl. Jenderal Sudirman No.40, Cikokol, Kec. Tangerang, Kota Tangerang, Banten 15117",Startupreneur sukses di bidang teknologi Blockchain untuk autentikasi dan verifikasi Dokumen.,Blockchain,SaaS,5,"85,000,000",Teknologi dan Pengembangan Produk,0812-8385-1118
BigBoyz,https://firebasestorage.googleapis.com/v0/b/aimee-6d10e.appspot.com/o/logos%2F1696164572099?alt=media&token=f371ea82-5307-4113-a187-328d7beda804,BANTEN,"Modern, Jl. Jenderal Sudirman No.40, Cikokol, Kec. Tangerang, Kota Tangerang, Banten 15117","Bigboyz merupakan startup yang berfokus untuk mengembangkan sistem canggih menggunakan blockchain, AI, dan sebagainya. Alfabet Inkubator Indonesia sebagai tempat bernaung BigBoyz telah memberikan dukungan untuk terus dapat berkarya dan mengembangkan inovasi IT. Saat ini Bigboyz telah menjadi startupreneur layanan teknologi informasi dan super Artificial Intelligence canggih yang siap membantu startup lain untuk mewujudkan mimpinya 🚀.",Digital Business Development,Hybrid B2B and B2C,5,"75,000,000",Teknologi dan Pengembangan Produk,bigboyz@alphabetincubator.id
Bosindo,https://firebasestorage.googleapis.com/v0/b/aimee-6d10e.appspot.com/o/logos%2F1696164921730?alt=media&token=4420a6ae-24fb-430b-a0e3-85d911665de8,BANTEN,"Modern, Jl. Jenderal Sudirman No.40, Cikokol, Kec. Tangerang, Kota Tangerang, Banten 15117","BOSINDO memberikan layanan IT yang penuh inovasi dan strategi. Fokus utama kami adalah menciptakan pengalaman pengguna yang luar biasa, solusi mobile maupun web, serta berbagai layanan IT lain yang mendukung perkembangan bisnis di dunia digital.",Digital Business Development,Hybrid B2B and B2C,6,"75,000,000","BOSINDO memberikan layanan IT yang penuh inovasi dan strategi. Fokus utama kami adalah menciptakan pengalaman pengguna yang luar biasa, solusi mobile maupun web, serta berbagai layanan IT lain yang mendukung perkembangan bisnis di dunia digital.",support.bigboyz@alphabetincubator.id
Kopi CAI,https://aimee.alphabetincubator.id/wp-content/uploads/2022/10/IMG-20220921-WA0030-removebg-preview.png,BANTEN,"Modern, Jl. Jenderal Sudirman No.40, Cikokol, Kec. Tangerang, Kota Tangerang, Banten 15117",Startupreneur favorit di bidang kopi yang sejalan dengan kegiatan Tri Dharma pengabdian masyarakat.,FnB,B2C,6,"80,000,000",Pemasaran dan Strategi Penjualan,0858-8383-9628
Kreatif Desain,https://firebasestorage.googleapis.com/v0/b/aimee-6d10e.appspot.com/o/logos%2F1696164331371?alt=media&token=741b31b4-32b3-47d3-a56b-d4bc5ed1d788,BANTEN,"Modern, Jl. Jenderal Sudirman No.40, Cikokol, Kec. Tangerang, Kota Tangerang, Banten 15117","Kreatif Desain atau KD adalah Start Up yang bergerak pada jasa digital marketing untuk mempromosikan sebuah merek dengan menggunakan media digital yang dapat menjangkau konsumen secara tepat, dan relevan. Dengan dihadirkan nya official site Kreatif Desain dapat membantu masyarakat dalam social branding. Dimana melalui KD akan membantu terutama para pelaku UMKM untuk menjadikan koneksi yang luas dengan customer, untuk menjadi unggulan penggerak ekosistem ekonomi dengan meningkatkan konversi penjualan, membantu bisnis agar bisa bersaing dengan kompetitor, membuat bisnis marketing terlihat lebih profesional, dan memperluas jangkauan pasar produk.",Graphic Design and Creative,Hybrid B2B and B2C,3,"254,600,000",Teknologi dan Pengembangan Produk,kreatifdesain@alphabetincubator.id
Magic Board,https://firebasestorage.googleapis.com/v0/b/aimee-6d10e.appspot.com/o/logos%2F1695745304021?alt=media&token=37a1a6de-1c24-41a2-9082-9af97683f568,BANTEN,"Modern, Jl. Jenderal Sudirman No.40, Cikokol, Kec. Tangerang, Kota Tangerang, Banten 15117",Startupreneur dengan inovasi papan tulis  menggunakan Plexiglass.,EduTech,SaaS,8,"70,000,000",Teknologi dan Pengembangan Produk,mrs@raharja.info
Pandawan,https://firebasestorage.googleapis.com/v0/b/aimee-6d10e.appspot.com/o/logos%2F1696163206949?alt=media&token=cf212f1f-9206-4cc0-99d4-b28dc7121853,BANTEN,"Jl. Premier Park 2 No.11 Blok B, Cikokol, Kec. Tangerang, Kota Tangerang, Banten 15117","Sebuah layanan yang menyediakan kemudahan dalam menciptakan dan mengelola semua kegiatan belajar mengajar. Layanan ini mencakup pengelolaan jurnal, peningkatan kolaborasi, lokakarya pengembangan diri, dan pendekatan terapan.",Open Journal System,B2C,20,"130,000,000",Pemasaran dan Strategi Penjualan,0857-7883-4017
Pandopo Catring,https://firebasestorage.googleapis.com/v0/b/aimee-6d10e.appspot.com/o/logos%2F1696163306453?alt=media&token=47705090-41b5-4586-b3db-0098e2e0502c,BANTEN,"Modern, Jl. Jenderal Sudirman No.40, Cikokol, Kec. Tangerang, Kota Tangerang, Banten 15117",Startupreneur Food & Beverage yang memproduksi catering sehat tanpa MSG dengan mengkombinasikan masakan nusantara.,FnB,B2C,5,"80,000,000",Pemasaran dan Strategi Penjualan,0858-8383-9628
Renewable Energy,https://firebasestorage.googleapis.com/v0/b/aimee-6d10e.appspot.com/o/logos%2F1696163611447?alt=media&token=1967a1b6-6935-427a-9dc4-38d35e070128,BANTEN,"Modern, Jl. Jenderal Sudirman No.40, Cikokol, Kec. Tangerang, Kota Tangerang, Banten 15117","Energi terbarukan (renewable energy) adalah energi yang berasal dari sumber-sumber alamiah seperti sinar matahari, angin, hujan, geothermal dan biomassa. Pada tahun 2006 sekitar 18% konsumsi energi dunia berasal dari sumber-sumber energi  terbarukan dan jumlah ini cenderung meningkat terus dari tahun ke tahun. Saat ini belum tersedia teknologi yang dapat mengambilalih produksi energy dari bahan bakar fosil, namun beberapa teknologi yang disebutkan di atas sangat menjanjikan dan berpotensi dikembangkan di Indonesia",Green Technology,B2B,5,"3,750,000",Teknologi dan Pengembangan Produk,rey@raharja.info
Salted Egg Milea,https://aimee.alphabetincubator.id/wp-content/uploads/2022/10/WhatsApp_Image_2022-10-10_at_15.21.50-removebg-preview-e1665411778643.png,BANTEN,"Modern, Jl. Jenderal Sudirman No.40, Cikokol, Kec. Tangerang, Kota Tangerang, Banten 15117",Startupreneur food and beverage yang memproduksi telur asin sebagai kuliner nusantara dengan kearifan lokal.,FnB,B2C,3,"80,000,000",Pemasaran dan Strategi Penjualan,0858-8383-9628
Sesindo,https://firebasestorage.googleapis.com/v0/b/aimee-6d10e.appspot.com/o/logos%2F1696166259426?alt=media&token=ce934d32-413f-408d-93a6-0342cb0296ae,BANTEN,"Modern, Jl. Jenderal Sudirman No.40, Cikokol, Kec. Tangerang, Kota Tangerang, Banten 15117",SESINDO atau bisa disebut dengan SENI SEJAHTERA INDONESIA adalah sebuah startup yang dibuat oleh mahasiswa Universitas Raharja dan dikembangkan oleh Alphabet Incubator. Dalam setiap proses pembuatan akrilik ini membutuhkan waktu yang tidak sebentar. Dengan hasil karya yang memuaskan juga tidak kalah saing dengan karya seni akrilik di luar sana. Dalam membuat merchandise ini kita menggunakan mesin CNC Router.,Production,B2C,5,"122,000,000",Pemasaran dan Strategi Penjualan,sesindo@alphabetincubator.id
Thazeen,https://firebasestorage.googleapis.com/v0/b/aimee-6d10e.appspot.com/o/logos%2F1695745897026?alt=media&token=f5cbefad-7793-49e7-9279-678f3d6da741,BANTEN,"Modern, Jl. Jenderal Sudirman No.40, Cikokol, Kec. Tangerang, Kota Tangerang, Banten 15117",Startupreneur yang berdiri untuk membantu persediaan barang sebuah company,Technology and Information,Hybrid B2B and B2C,15,"70,000,000",Pemasaran dan Strategi Penjualan,thazeen@alphabetincubator.id
Rava Pet Shop,https://drive.pastibisa.app/1705951025_65aebf31b2c27.png,KALIMANTAN TIMUR,"Jl. MT. Haryono No.118, Api-Api, Kec. Bontang Utara, Kota Bontang, Kalimantan Timur 75325",,Petshop,B2C,4,"20,000,000",-,0859-3671-6530